n_shots,accuracy,run_num,nspw,model,dataset,gpt2-large,sst2
1,0.548,0,1,gpt2-large,sst2
1,0.548,1,1,gpt2-large,sst2
1,0.468,2,1,gpt2-large,sst2
1,0.536,3,1,gpt2-large,sst2
1,0.468,4,1,gpt2-large,sst2
1,0.552,5,1,gpt2-large,sst2
1,0.468,6,1,gpt2-large,sst2
1,0.468,7,1,gpt2-large,sst2
1,0.528,8,1,gpt2-large,sst2
1,0.472,9,1,gpt2-large,sst2
2,0.54,0,1,gpt2-large,sst2
2,0.88,1,1,gpt2-large,sst2
2,0.468,2,1,gpt2-large,sst2
2,0.472,3,1,gpt2-large,sst2
2,0.544,4,1,gpt2-large,sst2
2,0.468,5,1,gpt2-large,sst2
2,0.828,6,1,gpt2-large,sst2
2,0.736,7,1,gpt2-large,sst2
2,0.848,8,1,gpt2-large,sst2
2,0.66,9,1,gpt2-large,sst2
3,0.852,0,1,gpt2-large,sst2
3,0.476,1,1,gpt2-large,sst2
3,0.736,2,1,gpt2-large,sst2
3,0.904,3,1,gpt2-large,sst2
3,0.752,4,1,gpt2-large,sst2
3,0.484,5,1,gpt2-large,sst2
3,0.532,6,1,gpt2-large,sst2
3,0.496,7,1,gpt2-large,sst2
3,0.608,8,1,gpt2-large,sst2
3,0.468,9,1,gpt2-large,sst2
4,0.552,0,1,gpt2-large,sst2
4,0.588,1,1,gpt2-large,sst2
4,0.468,2,1,gpt2-large,sst2
4,0.868,3,1,gpt2-large,sst2
4,0.724,4,1,gpt2-large,sst2
4,0.752,5,1,gpt2-large,sst2
4,0.56,6,1,gpt2-large,sst2
4,0.708,7,1,gpt2-large,sst2
4,0.472,8,1,gpt2-large,sst2
4,0.536,9,1,gpt2-large,sst2
5,0.536,0,1,gpt2-large,sst2
5,0.78,1,1,gpt2-large,sst2
5,0.552,2,1,gpt2-large,sst2
5,0.708,3,1,gpt2-large,sst2
5,0.552,4,1,gpt2-large,sst2
5,0.692,5,1,gpt2-large,sst2
5,0.536,6,1,gpt2-large,sst2
5,0.7,7,1,gpt2-large,sst2
5,0.584,8,1,gpt2-large,sst2
5,0.536,9,1,gpt2-large,sst2
6,0.48,0,1,gpt2-large,sst2
6,0.468,1,1,gpt2-large,sst2
6,0.536,2,1,gpt2-large,sst2
6,0.644,3,1,gpt2-large,sst2
6,0.844,4,1,gpt2-large,sst2
6,0.692,5,1,gpt2-large,sst2
6,0.64,6,1,gpt2-large,sst2
6,0.568,7,1,gpt2-large,sst2
6,0.492,8,1,gpt2-large,sst2
6,0.548,9,1,gpt2-large,sst2
7,0.692,0,1,gpt2-large,sst2
7,0.576,1,1,gpt2-large,sst2
7,0.572,2,1,gpt2-large,sst2
7,0.64,3,1,gpt2-large,sst2
7,0.536,4,1,gpt2-large,sst2
7,0.78,5,1,gpt2-large,sst2
7,0.668,6,1,gpt2-large,sst2
7,0.6,7,1,gpt2-large,sst2
7,0.7,8,1,gpt2-large,sst2
7,0.52,9,1,gpt2-large,sst2
8,0.832,0,1,gpt2-large,sst2
8,0.54,1,1,gpt2-large,sst2
8,0.7,2,1,gpt2-large,sst2
8,0.732,3,1,gpt2-large,sst2
8,0.5,4,1,gpt2-large,sst2
8,0.54,5,1,gpt2-large,sst2
8,0.492,6,1,gpt2-large,sst2
8,0.54,7,1,gpt2-large,sst2
8,0.564,8,1,gpt2-large,sst2
8,0.48,9,1,gpt2-large,sst2
9,0.544,0,1,gpt2-large,sst2
9,0.54,1,1,gpt2-large,sst2
9,0.468,2,1,gpt2-large,sst2
9,0.768,3,1,gpt2-large,sst2
9,0.544,4,1,gpt2-large,sst2
9,0.544,5,1,gpt2-large,sst2
9,0.676,6,1,gpt2-large,sst2
9,0.468,7,1,gpt2-large,sst2
9,0.76,8,1,gpt2-large,sst2
9,0.468,9,1,gpt2-large,sst2
10,0.652,0,1,gpt2-large,sst2
10,0.704,1,1,gpt2-large,sst2
10,0.5,2,1,gpt2-large,sst2
10,0.468,3,1,gpt2-large,sst2
10,0.572,4,1,gpt2-large,sst2
10,0.648,5,1,gpt2-large,sst2
10,0.652,6,1,gpt2-large,sst2
10,0.468,7,1,gpt2-large,sst2
10,0.468,8,1,gpt2-large,sst2
10,0.54,9,1,gpt2-large,sst2
15,0.596,0,1,gpt2-large,sst2
15,0.504,1,1,gpt2-large,sst2
15,0.616,2,1,gpt2-large,sst2
15,0.692,3,1,gpt2-large,sst2
15,0.604,4,1,gpt2-large,sst2
15,0.472,5,1,gpt2-large,sst2
15,0.596,6,1,gpt2-large,sst2
15,0.716,7,1,gpt2-large,sst2
15,0.472,8,1,gpt2-large,sst2
15,0.708,9,1,gpt2-large,sst2
2,0.548,0,2,gpt2-large,sst2
2,0.844,1,2,gpt2-large,sst2
2,0.468,2,2,gpt2-large,sst2
2,0.468,3,2,gpt2-large,sst2
2,0.6,4,2,gpt2-large,sst2
2,0.468,5,2,gpt2-large,sst2
2,0.808,6,2,gpt2-large,sst2
2,0.788,7,2,gpt2-large,sst2
2,0.792,8,2,gpt2-large,sst2
2,0.78,9,2,gpt2-large,sst2
4,0.556,0,2,gpt2-large,sst2
4,0.76,1,2,gpt2-large,sst2
4,0.68,2,2,gpt2-large,sst2
4,0.904,3,2,gpt2-large,sst2
4,0.556,4,2,gpt2-large,sst2
4,0.904,5,2,gpt2-large,sst2
4,0.536,6,2,gpt2-large,sst2
4,0.724,7,2,gpt2-large,sst2
4,0.468,8,2,gpt2-large,sst2
4,0.888,9,2,gpt2-large,sst2
6,0.576,0,2,gpt2-large,sst2
6,0.896,1,2,gpt2-large,sst2
6,0.592,2,2,gpt2-large,sst2
6,0.472,3,2,gpt2-large,sst2
6,0.568,4,2,gpt2-large,sst2
6,0.536,5,2,gpt2-large,sst2
6,0.856,6,2,gpt2-large,sst2
6,0.712,7,2,gpt2-large,sst2
6,0.748,8,2,gpt2-large,sst2
6,0.788,9,2,gpt2-large,sst2
8,0.688,0,2,gpt2-large,sst2
8,0.572,1,2,gpt2-large,sst2
8,0.556,2,2,gpt2-large,sst2
8,0.768,3,2,gpt2-large,sst2
8,0.824,4,2,gpt2-large,sst2
8,0.564,5,2,gpt2-large,sst2
8,0.736,6,2,gpt2-large,sst2
8,0.62,7,2,gpt2-large,sst2
8,0.704,8,2,gpt2-large,sst2
8,0.82,9,2,gpt2-large,sst2
10,0.596,0,2,gpt2-large,sst2
10,0.616,1,2,gpt2-large,sst2
10,0.828,2,2,gpt2-large,sst2
10,0.792,3,2,gpt2-large,sst2
10,0.536,4,2,gpt2-large,sst2
10,0.536,5,2,gpt2-large,sst2
10,0.888,6,2,gpt2-large,sst2
10,0.912,7,2,gpt2-large,sst2
10,0.548,8,2,gpt2-large,sst2
10,0.536,9,2,gpt2-large,sst2
12,0.712,0,2,gpt2-large,sst2
12,0.536,1,2,gpt2-large,sst2
12,0.612,2,2,gpt2-large,sst2
12,0.824,3,2,gpt2-large,sst2
12,0.748,4,2,gpt2-large,sst2
12,0.86,5,2,gpt2-large,sst2
12,0.576,6,2,gpt2-large,sst2
12,0.48,7,2,gpt2-large,sst2
12,0.708,8,2,gpt2-large,sst2
12,0.64,9,2,gpt2-large,sst2
14,0.84,0,2,gpt2-large,sst2
14,0.796,1,2,gpt2-large,sst2
14,0.824,2,2,gpt2-large,sst2
14,0.748,3,2,gpt2-large,sst2
14,0.596,4,2,gpt2-large,sst2
14,0.54,5,2,gpt2-large,sst2
14,0.56,6,2,gpt2-large,sst2
14,0.708,7,2,gpt2-large,sst2
14,0.892,8,2,gpt2-large,sst2
14,0.6,9,2,gpt2-large,sst2
16,0.724,0,2,gpt2-large,sst2
16,0.684,1,2,gpt2-large,sst2
16,0.652,2,2,gpt2-large,sst2
16,0.776,3,2,gpt2-large,sst2
16,0.68,4,2,gpt2-large,sst2
16,0.684,5,2,gpt2-large,sst2
16,0.82,6,2,gpt2-large,sst2
16,0.548,7,2,gpt2-large,sst2
16,0.784,8,2,gpt2-large,sst2
16,0.696,9,2,gpt2-large,sst2
18,0.7,0,2,gpt2-large,sst2
18,0.552,1,2,gpt2-large,sst2
18,0.856,2,2,gpt2-large,sst2
18,0.76,3,2,gpt2-large,sst2
18,0.72,4,2,gpt2-large,sst2
18,0.76,5,2,gpt2-large,sst2
18,0.652,6,2,gpt2-large,sst2
18,0.804,7,2,gpt2-large,sst2
18,0.568,8,2,gpt2-large,sst2
18,0.608,9,2,gpt2-large,sst2
20,0.78,0,2,gpt2-large,sst2
20,0.556,1,2,gpt2-large,sst2
20,0.776,2,2,gpt2-large,sst2
20,0.784,3,2,gpt2-large,sst2
20,0.608,4,2,gpt2-large,sst2
20,0.708,5,2,gpt2-large,sst2
20,0.584,6,2,gpt2-large,sst2
20,0.824,7,2,gpt2-large,sst2
20,0.596,8,2,gpt2-large,sst2
20,0.6,9,2,gpt2-large,sst2
30,0.528,0,2,gpt2-large,sst2
30,0.72,1,2,gpt2-large,sst2
30,0.58,2,2,gpt2-large,sst2
30,0.76,3,2,gpt2-large,sst2
30,0.756,4,2,gpt2-large,sst2
30,0.68,5,2,gpt2-large,sst2
30,0.664,6,2,gpt2-large,sst2
30,0.76,7,2,gpt2-large,sst2
30,0.76,8,2,gpt2-large,sst2
30,0.532,9,2,gpt2-large,sst2
3,0.56,0,3,gpt2-large,sst2
3,0.86,1,3,gpt2-large,sst2
3,0.86,2,3,gpt2-large,sst2
3,0.872,3,3,gpt2-large,sst2
3,0.592,4,3,gpt2-large,sst2
3,0.716,5,3,gpt2-large,sst2
3,0.788,6,3,gpt2-large,sst2
3,0.504,7,3,gpt2-large,sst2
3,0.712,8,3,gpt2-large,sst2
3,0.468,9,3,gpt2-large,sst2
6,0.576,0,3,gpt2-large,sst2
6,0.912,1,3,gpt2-large,sst2
6,0.896,2,3,gpt2-large,sst2
6,0.884,3,3,gpt2-large,sst2
6,0.828,4,3,gpt2-large,sst2
6,0.536,5,3,gpt2-large,sst2
6,0.86,6,3,gpt2-large,sst2
6,0.7,7,3,gpt2-large,sst2
6,0.708,8,3,gpt2-large,sst2
6,0.764,9,3,gpt2-large,sst2
9,0.624,0,3,gpt2-large,sst2
9,0.884,1,3,gpt2-large,sst2
9,0.748,2,3,gpt2-large,sst2
9,0.78,3,3,gpt2-large,sst2
9,0.736,4,3,gpt2-large,sst2
9,0.74,5,3,gpt2-large,sst2
9,0.788,6,3,gpt2-large,sst2
9,0.716,7,3,gpt2-large,sst2
9,0.712,8,3,gpt2-large,sst2
9,0.54,9,3,gpt2-large,sst2
12,0.628,0,3,gpt2-large,sst2
12,0.824,1,3,gpt2-large,sst2
12,0.752,2,3,gpt2-large,sst2
12,0.66,3,3,gpt2-large,sst2
12,0.892,4,3,gpt2-large,sst2
12,0.86,5,3,gpt2-large,sst2
12,0.888,6,3,gpt2-large,sst2
12,0.728,7,3,gpt2-large,sst2
12,0.68,8,3,gpt2-large,sst2
12,0.888,9,3,gpt2-large,sst2
15,0.688,0,3,gpt2-large,sst2
15,0.88,1,3,gpt2-large,sst2
15,0.536,2,3,gpt2-large,sst2
15,0.624,3,3,gpt2-large,sst2
15,0.548,4,3,gpt2-large,sst2
15,0.832,5,3,gpt2-large,sst2
15,0.54,6,3,gpt2-large,sst2
15,0.756,7,3,gpt2-large,sst2
15,0.78,8,3,gpt2-large,sst2
15,0.576,9,3,gpt2-large,sst2
18,0.628,0,3,gpt2-large,sst2
18,0.648,1,3,gpt2-large,sst2
18,0.916,2,3,gpt2-large,sst2
18,0.5,3,3,gpt2-large,sst2
18,0.544,4,3,gpt2-large,sst2
18,0.64,5,3,gpt2-large,sst2
18,0.596,6,3,gpt2-large,sst2
18,0.888,7,3,gpt2-large,sst2
18,0.728,8,3,gpt2-large,sst2
18,0.788,9,3,gpt2-large,sst2
21,0.596,0,3,gpt2-large,sst2
21,0.82,1,3,gpt2-large,sst2
21,0.628,2,3,gpt2-large,sst2
21,0.872,3,3,gpt2-large,sst2
21,0.66,4,3,gpt2-large,sst2
21,0.852,5,3,gpt2-large,sst2
21,0.812,6,3,gpt2-large,sst2
21,0.88,7,3,gpt2-large,sst2
21,0.872,8,3,gpt2-large,sst2
21,0.784,9,3,gpt2-large,sst2
24,0.824,0,3,gpt2-large,sst2
24,0.592,1,3,gpt2-large,sst2
24,0.76,2,3,gpt2-large,sst2
24,0.804,3,3,gpt2-large,sst2
24,0.784,4,3,gpt2-large,sst2
24,0.608,5,3,gpt2-large,sst2
24,0.852,6,3,gpt2-large,sst2
24,0.74,7,3,gpt2-large,sst2
24,0.768,8,3,gpt2-large,sst2
24,0.76,9,3,gpt2-large,sst2
27,0.756,0,3,gpt2-large,sst2
27,0.684,1,3,gpt2-large,sst2
27,0.6,2,3,gpt2-large,sst2
27,0.736,3,3,gpt2-large,sst2
27,0.828,4,3,gpt2-large,sst2
27,0.716,5,3,gpt2-large,sst2
27,0.724,6,3,gpt2-large,sst2
27,0.556,7,3,gpt2-large,sst2
27,0.604,8,3,gpt2-large,sst2
27,0.696,9,3,gpt2-large,sst2
30,0.748,0,3,gpt2-large,sst2
30,0.676,1,3,gpt2-large,sst2
30,0.596,2,3,gpt2-large,sst2
30,0.804,3,3,gpt2-large,sst2
30,0.66,4,3,gpt2-large,sst2
30,0.612,5,3,gpt2-large,sst2
30,0.72,6,3,gpt2-large,sst2
30,0.836,7,3,gpt2-large,sst2
30,0.616,8,3,gpt2-large,sst2
30,0.652,9,3,gpt2-large,sst2
45,0.7,0,3,gpt2-large,sst2
45,0.724,1,3,gpt2-large,sst2
45,0.768,2,3,gpt2-large,sst2
45,0.796,3,3,gpt2-large,sst2
45,0.664,4,3,gpt2-large,sst2
45,0.768,5,3,gpt2-large,sst2
45,0.736,6,3,gpt2-large,sst2
45,0.752,7,3,gpt2-large,sst2
45,0.568,8,3,gpt2-large,sst2
45,0.732,9,3,gpt2-large,sst2
4,0.732,0,4,gpt2-large,sst2
4,0.692,1,4,gpt2-large,sst2
4,0.468,2,4,gpt2-large,sst2
4,0.772,3,4,gpt2-large,sst2
4,0.624,4,4,gpt2-large,sst2
4,0.816,5,4,gpt2-large,sst2
4,0.648,6,4,gpt2-large,sst2
4,0.552,7,4,gpt2-large,sst2
4,0.468,8,4,gpt2-large,sst2
4,0.536,9,4,gpt2-large,sst2
8,0.616,0,4,gpt2-large,sst2
8,0.788,1,4,gpt2-large,sst2
8,0.888,2,4,gpt2-large,sst2
8,0.468,3,4,gpt2-large,sst2
8,0.884,4,4,gpt2-large,sst2
8,0.912,5,4,gpt2-large,sst2
8,0.54,6,4,gpt2-large,sst2
8,0.568,7,4,gpt2-large,sst2
8,0.54,8,4,gpt2-large,sst2
8,0.64,9,4,gpt2-large,sst2
12,0.888,0,4,gpt2-large,sst2
12,0.672,1,4,gpt2-large,sst2
12,0.82,2,4,gpt2-large,sst2
12,0.792,3,4,gpt2-large,sst2
12,0.88,4,4,gpt2-large,sst2
12,0.836,5,4,gpt2-large,sst2
12,0.64,6,4,gpt2-large,sst2
12,0.888,7,4,gpt2-large,sst2
12,0.804,8,4,gpt2-large,sst2
12,0.572,9,4,gpt2-large,sst2
16,0.9,0,4,gpt2-large,sst2
16,0.784,1,4,gpt2-large,sst2
16,0.732,2,4,gpt2-large,sst2
16,0.536,3,4,gpt2-large,sst2
16,0.9,4,4,gpt2-large,sst2
16,0.92,5,4,gpt2-large,sst2
16,0.856,6,4,gpt2-large,sst2
16,0.812,7,4,gpt2-large,sst2
16,0.776,8,4,gpt2-large,sst2
16,0.712,9,4,gpt2-large,sst2
20,0.92,0,4,gpt2-large,sst2
20,0.636,1,4,gpt2-large,sst2
20,0.764,2,4,gpt2-large,sst2
20,0.728,3,4,gpt2-large,sst2
20,0.912,4,4,gpt2-large,sst2
20,0.904,5,4,gpt2-large,sst2
20,0.784,6,4,gpt2-large,sst2
20,0.592,7,4,gpt2-large,sst2
20,0.616,8,4,gpt2-large,sst2
20,0.664,9,4,gpt2-large,sst2
24,0.592,0,4,gpt2-large,sst2
24,0.784,1,4,gpt2-large,sst2
24,0.904,2,4,gpt2-large,sst2
24,0.68,3,4,gpt2-large,sst2
24,0.656,4,4,gpt2-large,sst2
24,0.704,5,4,gpt2-large,sst2
24,0.74,6,4,gpt2-large,sst2
24,0.56,7,4,gpt2-large,sst2
24,0.624,8,4,gpt2-large,sst2
24,0.876,9,4,gpt2-large,sst2
28,0.8,0,4,gpt2-large,sst2
28,0.888,1,4,gpt2-large,sst2
28,0.624,2,4,gpt2-large,sst2
28,0.852,3,4,gpt2-large,sst2
28,0.888,4,4,gpt2-large,sst2
28,0.704,5,4,gpt2-large,sst2
28,0.896,6,4,gpt2-large,sst2
28,0.624,7,4,gpt2-large,sst2
28,0.804,8,4,gpt2-large,sst2
28,0.584,9,4,gpt2-large,sst2
32,0.836,0,4,gpt2-large,sst2
32,0.672,1,4,gpt2-large,sst2
32,0.712,2,4,gpt2-large,sst2
32,0.596,3,4,gpt2-large,sst2
32,0.856,4,4,gpt2-large,sst2
32,0.808,5,4,gpt2-large,sst2
32,0.792,6,4,gpt2-large,sst2
32,0.676,7,4,gpt2-large,sst2
32,0.644,8,4,gpt2-large,sst2
32,0.624,9,4,gpt2-large,sst2
36,0.844,0,4,gpt2-large,sst2
36,0.792,1,4,gpt2-large,sst2
36,0.748,2,4,gpt2-large,sst2
36,0.788,3,4,gpt2-large,sst2
36,0.52,4,4,gpt2-large,sst2
36,0.732,5,4,gpt2-large,sst2
36,0.836,6,4,gpt2-large,sst2
36,0.768,7,4,gpt2-large,sst2
36,0.768,8,4,gpt2-large,sst2
36,0.812,9,4,gpt2-large,sst2
40,0.62,0,4,gpt2-large,sst2
40,0.78,1,4,gpt2-large,sst2
40,0.58,2,4,gpt2-large,sst2
40,0.832,3,4,gpt2-large,sst2
40,0.768,4,4,gpt2-large,sst2
40,0.824,5,4,gpt2-large,sst2
40,0.784,6,4,gpt2-large,sst2
40,0.772,7,4,gpt2-large,sst2
40,0.772,8,4,gpt2-large,sst2
40,0.876,9,4,gpt2-large,sst2
60,0.768,0,4,gpt2-large,sst2
60,0.756,1,4,gpt2-large,sst2
60,0.496,2,4,gpt2-large,sst2
60,0.752,3,4,gpt2-large,sst2
60,0.5,4,4,gpt2-large,sst2
60,0.796,5,4,gpt2-large,sst2
60,0.772,6,4,gpt2-large,sst2
60,0.76,7,4,gpt2-large,sst2
60,0.784,8,4,gpt2-large,sst2
60,0.756,9,4,gpt2-large,sst2
5,0.572,0,5,gpt2-large,sst2
5,0.892,1,5,gpt2-large,sst2
5,0.888,2,5,gpt2-large,sst2
5,0.88,3,5,gpt2-large,sst2
5,0.564,4,5,gpt2-large,sst2
5,0.752,5,5,gpt2-large,sst2
5,0.844,6,5,gpt2-large,sst2
5,0.744,7,5,gpt2-large,sst2
5,0.692,8,5,gpt2-large,sst2
5,0.536,9,5,gpt2-large,sst2
10,0.732,0,5,gpt2-large,sst2
10,0.836,1,5,gpt2-large,sst2
10,0.688,2,5,gpt2-large,sst2
10,0.888,3,5,gpt2-large,sst2
10,0.904,4,5,gpt2-large,sst2
10,0.696,5,5,gpt2-large,sst2
10,0.888,6,5,gpt2-large,sst2
10,0.872,7,5,gpt2-large,sst2
10,0.848,8,5,gpt2-large,sst2
10,0.708,9,5,gpt2-large,sst2
15,0.584,0,5,gpt2-large,sst2
15,0.784,1,5,gpt2-large,sst2
15,0.8,2,5,gpt2-large,sst2
15,0.816,3,5,gpt2-large,sst2
15,0.576,4,5,gpt2-large,sst2
15,0.552,5,5,gpt2-large,sst2
15,0.576,6,5,gpt2-large,sst2
15,0.756,7,5,gpt2-large,sst2
15,0.872,8,5,gpt2-large,sst2
15,0.92,9,5,gpt2-large,sst2
20,0.904,0,5,gpt2-large,sst2
20,0.804,1,5,gpt2-large,sst2
20,0.804,2,5,gpt2-large,sst2
20,0.576,3,5,gpt2-large,sst2
20,0.624,4,5,gpt2-large,sst2
20,0.612,5,5,gpt2-large,sst2
20,0.68,6,5,gpt2-large,sst2
20,0.744,7,5,gpt2-large,sst2
20,0.624,8,5,gpt2-large,sst2
20,0.776,9,5,gpt2-large,sst2
25,0.904,0,5,gpt2-large,sst2
25,0.892,1,5,gpt2-large,sst2
25,0.736,2,5,gpt2-large,sst2
25,0.752,3,5,gpt2-large,sst2
25,0.92,4,5,gpt2-large,sst2
25,0.916,5,5,gpt2-large,sst2
25,0.784,6,5,gpt2-large,sst2
25,0.92,7,5,gpt2-large,sst2
25,0.648,8,5,gpt2-large,sst2
25,0.848,9,5,gpt2-large,sst2
30,0.9,0,5,gpt2-large,sst2
30,0.58,1,5,gpt2-large,sst2
30,0.896,2,5,gpt2-large,sst2
30,0.912,3,5,gpt2-large,sst2
30,0.712,4,5,gpt2-large,sst2
30,0.912,5,5,gpt2-large,sst2
30,0.632,6,5,gpt2-large,sst2
30,0.66,7,5,gpt2-large,sst2
30,0.764,8,5,gpt2-large,sst2
30,0.844,9,5,gpt2-large,sst2
35,0.756,0,5,gpt2-large,sst2
35,0.792,1,5,gpt2-large,sst2
35,0.648,2,5,gpt2-large,sst2
35,0.804,3,5,gpt2-large,sst2
35,0.568,4,5,gpt2-large,sst2
35,0.868,5,5,gpt2-large,sst2
35,0.816,6,5,gpt2-large,sst2
35,0.8,7,5,gpt2-large,sst2
35,0.904,8,5,gpt2-large,sst2
35,0.672,9,5,gpt2-large,sst2
40,0.66,0,5,gpt2-large,sst2
40,0.68,1,5,gpt2-large,sst2
40,0.66,2,5,gpt2-large,sst2
40,0.792,3,5,gpt2-large,sst2
40,0.664,4,5,gpt2-large,sst2
40,0.704,5,5,gpt2-large,sst2
40,0.88,6,5,gpt2-large,sst2
40,0.876,7,5,gpt2-large,sst2
40,0.824,8,5,gpt2-large,sst2
40,0.788,9,5,gpt2-large,sst2
45,0.764,0,5,gpt2-large,sst2
45,0.828,1,5,gpt2-large,sst2
45,0.66,2,5,gpt2-large,sst2
45,0.636,3,5,gpt2-large,sst2
45,0.748,4,5,gpt2-large,sst2
45,0.832,5,5,gpt2-large,sst2
45,0.78,6,5,gpt2-large,sst2
45,0.848,7,5,gpt2-large,sst2
45,0.704,8,5,gpt2-large,sst2
45,0.688,9,5,gpt2-large,sst2
50,0.736,0,5,gpt2-large,sst2
50,0.648,1,5,gpt2-large,sst2
50,0.636,2,5,gpt2-large,sst2
50,0.864,3,5,gpt2-large,sst2
50,0.824,4,5,gpt2-large,sst2
50,0.8,5,5,gpt2-large,sst2
50,0.716,6,5,gpt2-large,sst2
50,0.724,7,5,gpt2-large,sst2
50,0.772,8,5,gpt2-large,sst2
50,0.768,9,5,gpt2-large,sst2
75,0.772,0,5,gpt2-large,sst2
75,0.736,1,5,gpt2-large,sst2
75,0.692,2,5,gpt2-large,sst2
75,0.784,3,5,gpt2-large,sst2
75,0.76,4,5,gpt2-large,sst2
75,0.744,5,5,gpt2-large,sst2
75,0.764,6,5,gpt2-large,sst2
75,0.772,7,5,gpt2-large,sst2
75,0.792,8,5,gpt2-large,sst2
75,0.8,9,5,gpt2-large,sst2
10,0.708,0,10,gpt2-large,sst2
10,0.812,1,10,gpt2-large,sst2
10,0.904,2,10,gpt2-large,sst2
10,0.668,3,10,gpt2-large,sst2
10,0.9,4,10,gpt2-large,sst2
10,0.916,5,10,gpt2-large,sst2
10,0.724,6,10,gpt2-large,sst2
10,0.908,7,10,gpt2-large,sst2
10,0.86,8,10,gpt2-large,sst2
10,0.808,9,10,gpt2-large,sst2
20,0.868,0,10,gpt2-large,sst2
20,0.9,1,10,gpt2-large,sst2
20,0.836,2,10,gpt2-large,sst2
20,0.708,3,10,gpt2-large,sst2
20,0.784,4,10,gpt2-large,sst2
20,0.928,5,10,gpt2-large,sst2
20,0.9,6,10,gpt2-large,sst2
20,0.8,7,10,gpt2-large,sst2
20,0.884,8,10,gpt2-large,sst2
20,0.676,9,10,gpt2-large,sst2
30,0.916,0,10,gpt2-large,sst2
30,0.908,1,10,gpt2-large,sst2
30,0.816,2,10,gpt2-large,sst2
30,0.844,3,10,gpt2-large,sst2
30,0.896,4,10,gpt2-large,sst2
30,0.764,5,10,gpt2-large,sst2
30,0.876,6,10,gpt2-large,sst2
30,0.78,7,10,gpt2-large,sst2
30,0.82,8,10,gpt2-large,sst2
30,0.772,9,10,gpt2-large,sst2
40,0.904,0,10,gpt2-large,sst2
40,0.724,1,10,gpt2-large,sst2
40,0.748,2,10,gpt2-large,sst2
40,0.784,3,10,gpt2-large,sst2
40,0.904,4,10,gpt2-large,sst2
40,0.908,5,10,gpt2-large,sst2
40,0.724,6,10,gpt2-large,sst2
40,0.86,7,10,gpt2-large,sst2
40,0.908,8,10,gpt2-large,sst2
40,0.748,9,10,gpt2-large,sst2
50,0.6,0,10,gpt2-large,sst2
50,0.864,1,10,gpt2-large,sst2
50,0.892,2,10,gpt2-large,sst2
50,0.868,3,10,gpt2-large,sst2
50,0.84,4,10,gpt2-large,sst2
50,0.816,5,10,gpt2-large,sst2
50,0.908,6,10,gpt2-large,sst2
50,0.888,7,10,gpt2-large,sst2
50,0.732,8,10,gpt2-large,sst2
50,0.916,9,10,gpt2-large,sst2
60,0.624,0,10,gpt2-large,sst2
60,0.86,1,10,gpt2-large,sst2
60,0.632,2,10,gpt2-large,sst2
60,0.688,3,10,gpt2-large,sst2
60,0.876,4,10,gpt2-large,sst2
60,0.708,5,10,gpt2-large,sst2
60,0.876,6,10,gpt2-large,sst2
60,0.712,7,10,gpt2-large,sst2
60,0.66,8,10,gpt2-large,sst2
60,0.84,9,10,gpt2-large,sst2
70,0.8,0,10,gpt2-large,sst2
70,0.828,1,10,gpt2-large,sst2
70,0.872,2,10,gpt2-large,sst2
70,0.656,3,10,gpt2-large,sst2
70,0.86,4,10,gpt2-large,sst2
70,0.824,5,10,gpt2-large,sst2
70,0.68,6,10,gpt2-large,sst2
70,0.872,7,10,gpt2-large,sst2
70,0.688,8,10,gpt2-large,sst2
70,0.84,9,10,gpt2-large,sst2
80,0.816,0,10,gpt2-large,sst2
80,0.776,1,10,gpt2-large,sst2
80,0.868,2,10,gpt2-large,sst2
80,0.764,3,10,gpt2-large,sst2
80,0.852,4,10,gpt2-large,sst2
80,0.844,5,10,gpt2-large,sst2
80,0.772,6,10,gpt2-large,sst2
80,0.768,7,10,gpt2-large,sst2
80,0.868,8,10,gpt2-large,sst2
80,0.832,9,10,gpt2-large,sst2
90,0.844,0,10,gpt2-large,sst2
90,0.764,1,10,gpt2-large,sst2
90,0.856,2,10,gpt2-large,sst2
90,0.772,3,10,gpt2-large,sst2
90,0.86,4,10,gpt2-large,sst2
90,0.768,5,10,gpt2-large,sst2
90,0.712,6,10,gpt2-large,sst2
90,0.684,7,10,gpt2-large,sst2
90,0.76,8,10,gpt2-large,sst2
90,0.852,9,10,gpt2-large,sst2
100,0.676,0,10,gpt2-large,sst2
100,0.752,1,10,gpt2-large,sst2
100,0.788,2,10,gpt2-large,sst2
100,0.784,3,10,gpt2-large,sst2
100,0.828,4,10,gpt2-large,sst2
100,0.696,5,10,gpt2-large,sst2
100,0.82,6,10,gpt2-large,sst2
100,0.844,7,10,gpt2-large,sst2
100,0.788,8,10,gpt2-large,sst2
100,0.752,9,10,gpt2-large,sst2
150,0.764,0,10,gpt2-large,sst2
150,0.528,1,10,gpt2-large,sst2
150,0.792,2,10,gpt2-large,sst2
150,0.764,3,10,gpt2-large,sst2
150,0.652,4,10,gpt2-large,sst2
150,0.752,5,10,gpt2-large,sst2
150,0.772,6,10,gpt2-large,sst2
150,0.796,7,10,gpt2-large,sst2
150,0.748,8,10,gpt2-large,sst2
150,0.752,9,10,gpt2-large,sst2
15,0.716,0,15,gpt2-large,sst2
15,0.696,1,15,gpt2-large,sst2
15,0.78,2,15,gpt2-large,sst2
15,0.756,3,15,gpt2-large,sst2
15,0.736,4,15,gpt2-large,sst2
15,0.756,5,15,gpt2-large,sst2
15,0.676,6,15,gpt2-large,sst2
15,0.82,7,15,gpt2-large,sst2
15,0.856,8,15,gpt2-large,sst2
15,0.892,9,15,gpt2-large,sst2
30,0.92,0,15,gpt2-large,sst2
30,0.772,1,15,gpt2-large,sst2
30,0.788,2,15,gpt2-large,sst2
30,0.68,3,15,gpt2-large,sst2
30,0.896,4,15,gpt2-large,sst2
30,0.904,5,15,gpt2-large,sst2
30,0.76,6,15,gpt2-large,sst2
30,0.9,7,15,gpt2-large,sst2
30,0.748,8,15,gpt2-large,sst2
30,0.928,9,15,gpt2-large,sst2
45,0.748,0,15,gpt2-large,sst2
45,0.668,1,15,gpt2-large,sst2
45,0.916,2,15,gpt2-large,sst2
45,0.916,3,15,gpt2-large,sst2
45,0.74,4,15,gpt2-large,sst2
45,0.896,5,15,gpt2-large,sst2
45,0.852,6,15,gpt2-large,sst2
45,0.904,7,15,gpt2-large,sst2
45,0.912,8,15,gpt2-large,sst2
45,0.78,9,15,gpt2-large,sst2
60,0.624,0,15,gpt2-large,sst2
60,0.812,1,15,gpt2-large,sst2
60,0.7,2,15,gpt2-large,sst2
60,0.916,3,15,gpt2-large,sst2
60,0.904,4,15,gpt2-large,sst2
60,0.904,5,15,gpt2-large,sst2
60,0.904,6,15,gpt2-large,sst2
60,0.912,7,15,gpt2-large,sst2
60,0.796,8,15,gpt2-large,sst2
60,0.836,9,15,gpt2-large,sst2
75,0.716,0,15,gpt2-large,sst2
75,0.576,1,15,gpt2-large,sst2
75,0.628,2,15,gpt2-large,sst2
75,0.84,3,15,gpt2-large,sst2
75,0.916,4,15,gpt2-large,sst2
75,0.88,5,15,gpt2-large,sst2
75,0.652,6,15,gpt2-large,sst2
75,0.7,7,15,gpt2-large,sst2
75,0.896,8,15,gpt2-large,sst2
75,0.856,9,15,gpt2-large,sst2
90,0.836,0,15,gpt2-large,sst2
90,0.792,1,15,gpt2-large,sst2
90,0.756,2,15,gpt2-large,sst2
90,0.708,3,15,gpt2-large,sst2
90,0.852,4,15,gpt2-large,sst2
90,0.792,5,15,gpt2-large,sst2
90,0.712,6,15,gpt2-large,sst2
90,0.7,7,15,gpt2-large,sst2
90,0.824,8,15,gpt2-large,sst2
90,0.7,9,15,gpt2-large,sst2
105,0.868,0,15,gpt2-large,sst2
105,0.832,1,15,gpt2-large,sst2
105,0.836,2,15,gpt2-large,sst2
105,0.88,3,15,gpt2-large,sst2
105,0.704,4,15,gpt2-large,sst2
105,0.684,5,15,gpt2-large,sst2
105,0.848,6,15,gpt2-large,sst2
105,0.796,7,15,gpt2-large,sst2
105,0.788,8,15,gpt2-large,sst2
105,0.796,9,15,gpt2-large,sst2
120,0.832,0,15,gpt2-large,sst2
120,0.792,1,15,gpt2-large,sst2
120,0.74,2,15,gpt2-large,sst2
120,0.696,3,15,gpt2-large,sst2
120,0.828,4,15,gpt2-large,sst2
120,0.768,5,15,gpt2-large,sst2
120,0.82,6,15,gpt2-large,sst2
120,0.84,7,15,gpt2-large,sst2
120,0.808,8,15,gpt2-large,sst2
120,0.796,9,15,gpt2-large,sst2
135,0.852,0,15,gpt2-large,sst2
135,0.78,1,15,gpt2-large,sst2
135,0.836,2,15,gpt2-large,sst2
135,0.752,3,15,gpt2-large,sst2
135,0.756,4,15,gpt2-large,sst2
135,0.772,5,15,gpt2-large,sst2
135,0.752,6,15,gpt2-large,sst2
135,0.8,7,15,gpt2-large,sst2
135,0.816,8,15,gpt2-large,sst2
135,0.704,9,15,gpt2-large,sst2
150,0.78,0,15,gpt2-large,sst2
150,0.812,1,15,gpt2-large,sst2
150,0.8,2,15,gpt2-large,sst2
150,0.816,3,15,gpt2-large,sst2
150,0.772,4,15,gpt2-large,sst2
150,0.816,5,15,gpt2-large,sst2
150,0.844,6,15,gpt2-large,sst2
150,0.668,7,15,gpt2-large,sst2
150,0.808,8,15,gpt2-large,sst2
150,0.788,9,15,gpt2-large,sst2
225,0.76,0,15,gpt2-large,sst2
225,0.74,1,15,gpt2-large,sst2
225,0.784,2,15,gpt2-large,sst2
225,0.752,3,15,gpt2-large,sst2
225,0.704,4,15,gpt2-large,sst2
225,0.724,5,15,gpt2-large,sst2
225,0.752,6,15,gpt2-large,sst2
225,0.752,7,15,gpt2-large,sst2
225,0.712,8,15,gpt2-large,sst2
225,0.748,9,15,gpt2-large,sst2
20,0.752,0,20,gpt2-large,sst2
20,0.644,1,20,gpt2-large,sst2
20,0.908,2,20,gpt2-large,sst2
20,0.684,3,20,gpt2-large,sst2
20,0.912,4,20,gpt2-large,sst2
20,0.772,5,20,gpt2-large,sst2
20,0.824,6,20,gpt2-large,sst2
20,0.876,7,20,gpt2-large,sst2
20,0.756,8,20,gpt2-large,sst2
20,0.696,9,20,gpt2-large,sst2
40,0.76,0,20,gpt2-large,sst2
40,0.904,1,20,gpt2-large,sst2
40,0.908,2,20,gpt2-large,sst2
40,0.9,3,20,gpt2-large,sst2
40,0.888,4,20,gpt2-large,sst2
40,0.632,5,20,gpt2-large,sst2
40,0.904,6,20,gpt2-large,sst2
40,0.916,7,20,gpt2-large,sst2
40,0.912,8,20,gpt2-large,sst2
40,0.684,9,20,gpt2-large,sst2
60,0.704,0,20,gpt2-large,sst2
60,0.652,1,20,gpt2-large,sst2
60,0.908,2,20,gpt2-large,sst2
60,0.908,3,20,gpt2-large,sst2
60,0.736,4,20,gpt2-large,sst2
60,0.916,5,20,gpt2-large,sst2
60,0.816,6,20,gpt2-large,sst2
60,0.9,7,20,gpt2-large,sst2
60,0.9,8,20,gpt2-large,sst2
60,0.924,9,20,gpt2-large,sst2
80,0.86,0,20,gpt2-large,sst2
80,0.684,1,20,gpt2-large,sst2
80,0.708,2,20,gpt2-large,sst2
80,0.804,3,20,gpt2-large,sst2
80,0.692,4,20,gpt2-large,sst2
80,0.848,5,20,gpt2-large,sst2
80,0.916,6,20,gpt2-large,sst2
80,0.74,7,20,gpt2-large,sst2
80,0.752,8,20,gpt2-large,sst2
80,0.848,9,20,gpt2-large,sst2
100,0.896,0,20,gpt2-large,sst2
100,0.912,1,20,gpt2-large,sst2
100,0.892,2,20,gpt2-large,sst2
100,0.744,3,20,gpt2-large,sst2
100,0.792,4,20,gpt2-large,sst2
100,0.672,5,20,gpt2-large,sst2
100,0.86,6,20,gpt2-large,sst2
100,0.76,7,20,gpt2-large,sst2
100,0.728,8,20,gpt2-large,sst2
100,0.804,9,20,gpt2-large,sst2
120,0.764,0,20,gpt2-large,sst2
120,0.884,1,20,gpt2-large,sst2
120,0.86,2,20,gpt2-large,sst2
120,0.876,3,20,gpt2-large,sst2
120,0.66,4,20,gpt2-large,sst2
120,0.876,5,20,gpt2-large,sst2
120,0.78,6,20,gpt2-large,sst2
120,0.864,7,20,gpt2-large,sst2
120,0.792,8,20,gpt2-large,sst2
120,0.784,9,20,gpt2-large,sst2
140,0.728,0,20,gpt2-large,sst2
140,0.72,1,20,gpt2-large,sst2
140,0.856,2,20,gpt2-large,sst2
140,0.648,3,20,gpt2-large,sst2
140,0.76,4,20,gpt2-large,sst2
140,0.8,5,20,gpt2-large,sst2
140,0.872,6,20,gpt2-large,sst2
140,0.896,7,20,gpt2-large,sst2
140,0.828,8,20,gpt2-large,sst2
140,0.632,9,20,gpt2-large,sst2
160,0.788,0,20,gpt2-large,sst2
160,0.716,1,20,gpt2-large,sst2
160,0.828,2,20,gpt2-large,sst2
160,0.836,3,20,gpt2-large,sst2
160,0.836,4,20,gpt2-large,sst2
160,0.8,5,20,gpt2-large,sst2
160,0.68,6,20,gpt2-large,sst2
160,0.676,7,20,gpt2-large,sst2
160,0.82,8,20,gpt2-large,sst2
160,0.756,9,20,gpt2-large,sst2
180,0.836,0,20,gpt2-large,sst2
180,0.832,1,20,gpt2-large,sst2
180,0.852,2,20,gpt2-large,sst2
180,0.804,3,20,gpt2-large,sst2
180,0.76,4,20,gpt2-large,sst2
180,0.828,5,20,gpt2-large,sst2
180,0.828,6,20,gpt2-large,sst2
180,0.768,7,20,gpt2-large,sst2
180,0.832,8,20,gpt2-large,sst2
180,0.764,9,20,gpt2-large,sst2
200,0.744,0,20,gpt2-large,sst2
200,0.8,1,20,gpt2-large,sst2
200,0.76,2,20,gpt2-large,sst2
200,0.74,3,20,gpt2-large,sst2
200,0.804,4,20,gpt2-large,sst2
200,0.784,5,20,gpt2-large,sst2
200,0.784,6,20,gpt2-large,sst2
200,0.788,7,20,gpt2-large,sst2
200,0.788,8,20,gpt2-large,sst2
200,0.828,9,20,gpt2-large,sst2
300,0.744,0,20,gpt2-large,sst2
300,0.776,1,20,gpt2-large,sst2
300,0.744,2,20,gpt2-large,sst2
300,0.74,3,20,gpt2-large,sst2
300,0.748,4,20,gpt2-large,sst2
300,0.78,5,20,gpt2-large,sst2
300,0.732,6,20,gpt2-large,sst2
300,0.776,7,20,gpt2-large,sst2
300,0.792,8,20,gpt2-large,sst2
300,0.804,9,20,gpt2-large,sst2
27,0.924,0,27,gpt2-large,sst2
27,0.936,1,27,gpt2-large,sst2
27,0.648,2,27,gpt2-large,sst2
27,0.9,3,27,gpt2-large,sst2
27,0.9,4,27,gpt2-large,sst2
27,0.588,5,27,gpt2-large,sst2
27,0.916,6,27,gpt2-large,sst2
27,0.732,7,27,gpt2-large,sst2
27,0.636,8,27,gpt2-large,sst2
27,0.876,9,27,gpt2-large,sst2
54,0.752,0,27,gpt2-large,sst2
54,0.644,1,27,gpt2-large,sst2
54,0.796,2,27,gpt2-large,sst2
54,0.8,3,27,gpt2-large,sst2
54,0.652,4,27,gpt2-large,sst2
54,0.916,5,27,gpt2-large,sst2
54,0.824,6,27,gpt2-large,sst2
54,0.7,7,27,gpt2-large,sst2
54,0.844,8,27,gpt2-large,sst2
54,0.88,9,27,gpt2-large,sst2
81,0.788,0,27,gpt2-large,sst2
81,0.908,1,27,gpt2-large,sst2
81,0.86,2,27,gpt2-large,sst2
81,0.788,3,27,gpt2-large,sst2
81,0.904,4,27,gpt2-large,sst2
81,0.74,5,27,gpt2-large,sst2
81,0.928,6,27,gpt2-large,sst2
81,0.92,7,27,gpt2-large,sst2
81,0.732,8,27,gpt2-large,sst2
81,0.912,9,27,gpt2-large,sst2
108,0.888,0,27,gpt2-large,sst2
108,0.78,1,27,gpt2-large,sst2
108,0.884,2,27,gpt2-large,sst2
108,0.824,3,27,gpt2-large,sst2
108,0.88,4,27,gpt2-large,sst2
108,0.868,5,27,gpt2-large,sst2
108,0.912,6,27,gpt2-large,sst2
108,0.768,7,27,gpt2-large,sst2
108,0.916,8,27,gpt2-large,sst2
108,0.928,9,27,gpt2-large,sst2
135,0.892,0,27,gpt2-large,sst2
135,0.88,1,27,gpt2-large,sst2
135,0.896,2,27,gpt2-large,sst2
135,0.852,3,27,gpt2-large,sst2
135,0.896,4,27,gpt2-large,sst2
135,0.9,5,27,gpt2-large,sst2
135,0.836,6,27,gpt2-large,sst2
135,0.784,7,27,gpt2-large,sst2
135,0.744,8,27,gpt2-large,sst2
135,0.916,9,27,gpt2-large,sst2
162,0.876,0,27,gpt2-large,sst2
162,0.776,1,27,gpt2-large,sst2
162,0.728,2,27,gpt2-large,sst2
162,0.86,3,27,gpt2-large,sst2
162,0.688,4,27,gpt2-large,sst2
162,0.832,5,27,gpt2-large,sst2
162,0.82,6,27,gpt2-large,sst2
162,0.832,7,27,gpt2-large,sst2
162,0.784,8,27,gpt2-large,sst2
162,0.852,9,27,gpt2-large,sst2
189,0.704,0,27,gpt2-large,sst2
189,0.812,1,27,gpt2-large,sst2
189,0.892,2,27,gpt2-large,sst2
189,0.684,3,27,gpt2-large,sst2
189,0.864,4,27,gpt2-large,sst2
189,0.8,5,27,gpt2-large,sst2
189,0.68,6,27,gpt2-large,sst2
189,0.684,7,27,gpt2-large,sst2
189,0.8,8,27,gpt2-large,sst2
189,0.744,9,27,gpt2-large,sst2
216,0.848,0,27,gpt2-large,sst2
216,0.884,1,27,gpt2-large,sst2
216,0.676,2,27,gpt2-large,sst2
216,0.844,3,27,gpt2-large,sst2
216,0.7,4,27,gpt2-large,sst2
216,0.7,5,27,gpt2-large,sst2
216,0.78,6,27,gpt2-large,sst2
216,0.832,7,27,gpt2-large,sst2
216,0.716,8,27,gpt2-large,sst2
216,0.752,9,27,gpt2-large,sst2
243,0.848,0,27,gpt2-large,sst2
243,0.8,1,27,gpt2-large,sst2
243,0.804,2,27,gpt2-large,sst2
243,0.824,3,27,gpt2-large,sst2
243,0.836,4,27,gpt2-large,sst2
243,0.724,5,27,gpt2-large,sst2
243,0.808,6,27,gpt2-large,sst2
243,0.808,7,27,gpt2-large,sst2
243,0.8,8,27,gpt2-large,sst2
243,0.848,9,27,gpt2-large,sst2
270,0.804,0,27,gpt2-large,sst2
270,0.676,1,27,gpt2-large,sst2
270,0.728,2,27,gpt2-large,sst2
270,0.724,3,27,gpt2-large,sst2
270,0.612,4,27,gpt2-large,sst2
270,0.796,5,27,gpt2-large,sst2
270,0.816,6,27,gpt2-large,sst2
270,0.824,7,27,gpt2-large,sst2
270,0.78,8,27,gpt2-large,sst2
270,0.764,9,27,gpt2-large,sst2
405,0.756,0,27,gpt2-large,sst2
405,0.776,1,27,gpt2-large,sst2
405,0.712,2,27,gpt2-large,sst2
405,0.752,3,27,gpt2-large,sst2
405,0.772,4,27,gpt2-large,sst2
405,0.78,5,27,gpt2-large,sst2
405,0.776,6,27,gpt2-large,sst2
405,0.78,7,27,gpt2-large,sst2
405,0.788,8,27,gpt2-large,sst2
405,0.776,9,27,gpt2-large,sst2
